Sample,Haplotype,SNPDistance,Titer
CA-G3,H21,27.27,4.50597087330104
AB-A12,H24,26.55,0
AC-C3,H24,26.55,9.38748746847837
AC-D2,H24,26.55,6.81343620387126
AD-A11,H24,26.55,6.93695763906495
AD-A12,H24,26.55,7.45351954745687
AD-B7,H24,26.55,6.09423211272454
AD-C7,H24,26.55,5.52884826410426
BA-B4,H25,26.07,3.00538498586573
CA-B8,H27,26.07,10.5919848139592
CA-C7,H27,26.07,5.45829800480855
CA-D9,H27,26.07,6.2800021285076
CA-E5,H27,26.07,9.63878306187417
CA-F2,H27,26.07,9.06534592891494
CA-F5,H27,26.07,6.2606915360435
CA-F9,H27,26.07,9.98160301965868
CA-H2,H27,26.07,9.9184006474888
CA-H7,H27,26.07,7.86379391194467
CA-H8,H27,26.07,7.17038089391001
CA-H9,H27,26.07,7.20086878694675
AA-A1,H28,26.07,6.27789026818077
AA-F4,H28,26.07,9.91552478844576
AA-B6,H29,26.07,8.47863643139728
AA-C9,H30,26.07,0
AA-D4,H31,26.07,7.24832328433669
AA-F11,H32,26.07,5.17254714936175
AB-F1,H32,26.07,7.59611373689026
AA-F9,H33,26.07,0
AB-A8,H34,26.07,6.75526623454051
AB-B9,H35,26.07,8.37535567943597
AC-C5,H36,26.07,9.52188336979897
AC-H4,H36,26.07,10.8228336819257
AD-F11,H36,26.07,5.38979094600437
AC-E3,H37,26.07,9.82846590695609
AC-F3,H38,26.07,7.43050131152476
AC-G5,H39,26.07,10.6202017534207
AD-E5,H41,26.07,7.01011520537126
BA-A11,H43,26.07,0
BA-B11,H43,26.07,0
BA-C8,H43,26.07,0
BA-D10,H43,26.07,0
BA-D7,H43,26.07,0
BA-E8,H43,26.07,0
BA-F11,H43,26.07,0
BA-F8,H43,26.07,0
BA-G10,H43,26.07,0
BA-B2,H44,26.07,0
CA-D4,H45,26.07,4.06535799838759
DA-G3,H47,26.07,8.86687419265657
DB-C1,H48,26.07,11.6922700115299
DB-D4,H48,26.07,9.37653030259654
DB-E1,H48,26.07,10.6472610082007
DB-E7,H48,26.07,10.7332991548428
DB-E8,H48,26.07,11.0192070499057
DB-F2,H48,26.07,10.3742752961588
DB-F4,H48,26.07,9.77608065257432
DB-G7,H48,26.07,11.1607195912725
DB-G9,H48,26.07,11.263450579407
DB-H7,H48,26.07,11.4475514695879
AC-C12,H49,26.06,7.28447826127776
AB-C8,H51,26.01,5.89762043460162
AB-G5,H51,26.01,5.8042100081396
DA-F4,H52,26,9.43080032566119
BA-A1,H53,26,4.53421939545654
BA-F1,H53,26,0
BA-H2,H53,26,0
DA-C2,H54,26,10.3007643443646
DA-D1,H54,26,11.1181243315258
DA-H3,H54,26,10.3391825968483
AC-B3,H55,25.99,9.37512081232947
BA-G4,H56,25.64,0
AA-A12,H57,25.04,7.02264606054553
AA-A2,H57,25.04,8.9868701860727
AA-A4,H57,25.04,9.67571442625821
AA-B1,H57,25.04,6.9766957224281
AA-B11,H57,25.04,6.91395228779761
AA-B12,H57,25.04,6.50688489643696
AA-B2,H57,25.04,8.60845160114792
AA-B4,H57,25.04,8.2797599520922
AA-B7,H57,25.04,8.7213549550932
AA-B9,H57,25.04,0
AA-C1,H57,25.04,7.47816932672049
AA-C12,H57,25.04,6.61766220239432
AA-C4,H57,25.04,6.96407893311824
AA-C5,H57,25.04,8.46332831967191
AA-D12,H57,25.04,6.3781059710987
AA-D8,H57,25.04,6.59973246247532
AA-E1,H57,25.04,6.88279758563597
AA-E12,H57,25.04,6.75673733534206
AA-E9,H57,25.04,0
AA-F1,H57,25.04,7.43112153428976
AA-G11,H57,25.04,7.01431492739282
AA-G12,H57,25.04,3.71290062182344
AA-G5,H57,25.04,8.43884301227453
AA-G6,H57,25.04,8.90808091046228
AA-G7,H57,25.04,6.33006625586458
AA-G9,H57,25.04,0
AA-H1,H57,25.04,7.7267239004763
AA-H3,H57,25.04,8.36338817350768
AA-H4,H57,25.04,9.46488662062854
AA-H7,H57,25.04,7.91592008491414
AA-H8,H57,25.04,7.52113605515161
AA-H9,H57,25.04,0
AB-A10,H57,25.04,8.59634538577739
AB-A11,H57,25.04,9.39804337444862
AB-A3,H57,25.04,6.71395429900898
AB-A5,H57,25.04,6.02907302380624
AB-A6,H57,25.04,5.28945781133276
AB-A7,H57,25.04,6.84380110441418
AB-B1,H57,25.04,6.03037967270876
AB-B10,H57,25.04,7.7671739630685
AB-B12,H57,25.04,0
AB-B4,H57,25.04,6.17414900679472
AB-B5,H57,25.04,7.14232658802862
AB-B6,H57,25.04,6.47002218936811
AB-B7,H57,25.04,7.61969774140088
AB-B8,H57,25.04,6.78233756696151
AB-C10,H57,25.04,7.34051322591653
AB-C5,H57,25.04,7.24959111290685
AB-C6,H57,25.04,6.50043328142136
AB-C9,H57,25.04,8.51674837249897
AB-D12,H57,25.04,0
AB-D2,H57,25.04,7.66620766326594
AB-D5,H57,25.04,5.91005364450749
AB-D6,H57,25.04,3.59493609728136
AB-D8,H57,25.04,7.55750580968946
AB-E1,H57,25.04,7.56288107091155
AB-E10,H57,25.04,8.3721347714342
AB-E11,H57,25.04,7.87219730432462
AB-E2,H57,25.04,6.99350218519878
AB-E7,H57,25.04,7.09138600760323
AB-E9,H57,25.04,8.71983785277967
AB-F10,H57,25.04,9.24239939557239
AB-F11,H57,25.04,7.23984836969645
AB-F12,H57,25.04,2.5651863678339
AB-F3,H57,25.04,5.32810628794121
AB-F5,H57,25.04,6.20072869355707
AB-F9,H57,25.04,8.45775900762221
AB-G1,H57,25.04,6.95194355640903
AB-G12,H57,25.04,0
AB-G6,H57,25.04,5.71242709039799
AB-G8,H57,25.04,6.71660778796413
AB-G9,H57,25.04,7.17491173484395
AB-H10,H57,25.04,8.52969819690166
AB-H2,H57,25.04,5.53100235324787
AB-H5,H57,25.04,6.18187734385464
AB-H6,H57,25.04,6.44971120826385
AB-H7,H57,25.04,5.61499920151262
AB-H9,H57,25.04,8.82848856982623
AC-A10,H57,25.04,10.0277787639977
AC-A11,H57,25.04,7.33087354907745
AC-A12,H57,25.04,8.0212928297187
AC-A3,H57,25.04,9.79656200730259
AC-A4,H57,25.04,10.0734804435208
AC-A5,H57,25.04,9.66748679418251
AC-A6,H57,25.04,8.55285038005905
AC-A7,H57,25.04,10.603038274094
AC-B1,H57,25.04,8.97547621442056
AC-B11,H57,25.04,9.01787877833602
AC-B2,H57,25.04,6.90822620807762
AC-B4,H57,25.04,9.63665580998242
AC-B6,H57,25.04,8.41000229051382
AC-B8,H57,25.04,9.20495126177223
AC-B9,H57,25.04,9.89200411958227
AC-C11,H57,25.04,9.20401734369954
AC-C4,H57,25.04,9.08194744053274
AC-C8,H57,25.04,10.0594250429233
AC-C9,H57,25.04,9.59124041435953
AC-D1,H57,25.04,7.70510389022037
AC-D11,H57,25.04,8.20589635228942
AC-D3,H57,25.04,9.84338803642131
AC-D4,H57,25.04,9.25640668697723
AC-D5,H57,25.04,9.26778160748498
AC-D7,H57,25.04,10.5393906891194
AC-D8,H57,25.04,9.92647878787299
AC-D9,H57,25.04,11.0021016328693
AC-E10,H57,25.04,8.32548036880713
AC-E11,H57,25.04,7.41827496595424
AC-E12,H57,25.04,6.05208715715769
AC-E2,H57,25.04,7.46524672638888
AC-E4,H57,25.04,8.50841778391023
AC-E5,H57,25.04,7.79530133272576
AC-E6,H57,25.04,7.92108182816414
AC-E7,H57,25.04,10.2296348874756
AC-E8,H57,25.04,7.62434820487255
AC-F4,H57,25.04,7.25289489511341
AC-F5,H57,25.04,7.0024668069029
AC-F8,H57,25.04,8.04754548282323
AC-G1,H57,25.04,7.75605678554798
AC-G10,H57,25.04,8.44531067033904
AC-G11,H57,25.04,6.44326267609588
AC-G12,H57,25.04,6.04271299674002
AC-G3,H57,25.04,7.55413768538484
AC-G9,H57,25.04,9.58025132222769
AC-H2,H57,25.04,9.78946808557441
AC-H3,H57,25.04,10.021247587928
AC-H6,H57,25.04,10.6254710171026
AC-H8,H57,25.04,8.4122084718049
AC-H9,H57,25.04,9.05524899566603
AD-A1,H57,25.04,8.41308172870024
AD-A2,H57,25.04,7.2760177030126
AD-A6,H57,25.04,8.57154599253629
AD-B12,H57,25.04,11.0375007923851
AD-B2,H57,25.04,7.11645351733084
AD-B3,H57,25.04,8.22459823046681
AD-B5,H57,25.04,6.7404707295822
AD-B6,H57,25.04,5.95324308753451
AD-C1,H57,25.04,6.13250440086733
AD-C2,H57,25.04,8.83882112306211
AD-C4,H57,25.04,7.12039061185283
AD-C5,H57,25.04,6.19997659817226
AD-C6,H57,25.04,5.77722277277474
AD-C8,H57,25.04,5.68713998685527
AD-D10,H57,25.04,5.97827811196303
AD-D12,H57,25.04,8.51644628254924
AD-D5,H57,25.04,7.15344979509782
AD-D6,H57,25.04,5.88061039960534
AD-D7,H57,25.04,6.09999193667297
AD-E10,H57,25.04,7.10533032422325
AD-E12,H57,25.04,8.06136088101746
AD-E4,H57,25.04,7.03167141445128
AD-E9,H57,25.04,7.04674468389663
AD-F10,H57,25.04,8.46081105501851
AD-F12,H57,25.04,5.93435980682758
AD-F2,H57,25.04,9.8532987952912
AD-F4,H57,25.04,7.66072082701105
AD-G11,H57,25.04,7.96694145607082
AD-G2,H57,25.04,9.99420166385294
AD-G3,H57,25.04,7.02772827048933
AD-G4,H57,25.04,8.49446021423556
AD-G5,H57,25.04,7.25692103944142
AD-G8,H57,25.04,8.51760404700352
BA-A10,H57,25.04,0
BA-A12,H57,25.04,0
BA-A4,H57,25.04,2.79803784738285
BA-A8,H57,25.04,0
BA-A9,H57,25.04,0
BA-B10,H57,25.04,0
BA-B3,H57,25.04,0
BA-B5,H57,25.04,4.22513617382189
BA-B8,H57,25.04,0
BA-B9,H57,25.04,0
BA-C10,H57,25.04,0
BA-C11,H57,25.04,0
BA-C12,H57,25.04,0
BA-C4,H57,25.04,0
BA-C5,H57,25.04,3.58355404895084
BA-C6,H57,25.04,3.61270434305384
BA-C9,H57,25.04,0
BA-D12,H57,25.04,0
BA-D6,H57,25.04,2.18964800300359
BA-D8,H57,25.04,0
BA-D9,H57,25.04,0
BA-E10,H57,25.04,0
BA-E11,H57,25.04,0
BA-E12,H57,25.04,0
BA-E2,H57,25.04,0
BA-E4,H57,25.04,0
BA-E5,H57,25.04,2.63558982476293
BA-E7,H57,25.04,0
BA-E9,H57,25.04,3.71267861891819
BA-F10,H57,25.04,0
BA-F12,H57,25.04,0
BA-F5,H57,25.04,0
BA-F6,H57,25.04,0
BA-F9,H57,25.04,0
BA-G12,H57,25.04,0
BA-G2,H57,25.04,0
BA-G3,H57,25.04,3.5230284500045
BA-G9,H57,25.04,0
BA-H1,H57,25.04,2.45912548660802
BA-H3,H57,25.04,3.38166116987421
BA-H4,H57,25.04,3.12618302274051
BA-H5,H57,25.04,3.86783141310101
BA-H8,H57,25.04,0
BA-H9,H57,25.04,0
CA-A1,H57,25.04,9.01873176371065
CA-A10,H57,25.04,5.00928281323954
CA-A11,H57,25.04,3.04951647056615
CA-A12,H57,25.04,8.6041402430037
CA-A3,H57,25.04,9.55658870220707
CA-A4,H57,25.04,10.0918647990731
CA-A5,H57,25.04,8.6839480974838
CA-A6,H57,25.04,7.69199897888035
CA-A7,H57,25.04,10.1342156284886
CA-A9,H57,25.04,9.33704592774091
CA-B1,H57,25.04,9.66903017811052
CA-B11,H57,25.04,3.97986032952731
CA-B12,H57,25.04,6.11639052223404
CA-B2,H57,25.04,10.2775935982397
CA-B3,H57,25.04,8.59953869178013
CA-B5,H57,25.04,9.04723146259214
CA-B6,H57,25.04,8.24765515587345
CA-B7,H57,25.04,10.1505459115899
CA-B9,H57,25.04,4.95381782212902
CA-C1,H57,25.04,9.04791073260957
CA-C11,H57,25.04,4.76715932892375
CA-C12,H57,25.04,7.20797604986869
CA-C2,H57,25.04,8.44508959377653
CA-C3,H57,25.04,9.70406220630462
CA-C4,H57,25.04,6.28216389113925
CA-C5,H57,25.04,3.8854324904599
CA-C8,H57,25.04,7.39347753330871
CA-D1,H57,25.04,5.4044762359367
CA-D11,H57,25.04,0
CA-D12,H57,25.04,3.16226987486259
CA-D2,H57,25.04,8.42549272873683
CA-D3,H57,25.04,4.0520483391997
CA-D6,H57,25.04,9.22194186366519
CA-D7,H57,25.04,7.73838192949253
CA-D8,H57,25.04,9.53810138295048
CA-E1,H57,25.04,7.01169223185511
CA-E10,H57,25.04,6.27309521858525
CA-E11,H57,25.04,3.45301896231527
CA-E12,H57,25.04,2.41567209731284
CA-E3,H57,25.04,8.21246357852865
CA-E4,H57,25.04,8.76499443568675
CA-E7,H57,25.04,9.26349551953892
CA-E8,H57,25.04,8.82439044544387
CA-F1,H57,25.04,6.72550089193225
CA-F3,H57,25.04,8.22405833284393
CA-F4,H57,25.04,5.69246128109998
CA-G1,H57,25.04,11.2145800742168
CA-G10,H57,25.04,6.93716919208698
CA-G11,H57,25.04,0
CA-G12,H57,25.04,7.97175695430492
CA-G2,H57,25.04,8.94671265969454
CA-G4,H57,25.04,6.57753700748959
CA-G5,H57,25.04,6.25997851716008
CA-G6,H57,25.04,9.61214759818403
CA-G7,H57,25.04,9.58430174101211
CA-G9,H57,25.04,9.61372855810763
CA-H1,H57,25.04,9.4843402942408
CA-H10,H57,25.04,7.90475324845013
CA-H11,H57,25.04,9.99238917313912
CA-H3,H57,25.04,8.43623609748565
CA-H4,H57,25.04,7.61584855806821
CA-H5,H57,25.04,8.42100223984631
CA-H6,H57,25.04,6.63558074075303
DA-A1,H57,25.04,10.2481382010181
DA-A10,H57,25.04,10.3218157913786
DA-A11,H57,25.04,9.86088822428527
DA-A12,H57,25.04,10.4304498569254
DA-A3,H57,25.04,7.24313819036113
DA-A4,H57,25.04,9.48388539812508
DA-A5,H57,25.04,9.71756054390504
DA-A6,H57,25.04,5.56929729398711
DA-A7,H57,25.04,3.19623066780951
DA-A8,H57,25.04,0
DA-A9,H57,25.04,10.3157172954894
DA-B1,H57,25.04,9.50758866686747
DA-B10,H57,25.04,3.41003230520126
DA-B11,H57,25.04,9.91897970207657
DA-B2,H57,25.04,8.44395338229991
DA-B3,H57,25.04,11.195166222014
DA-B5,H57,25.04,7.53544781222237
DA-B6,H57,25.04,10.1266138837021
DA-B7,H57,25.04,11.0510010468274
DA-B8,H57,25.04,10.3821375378293
DA-B9,H57,25.04,10.9799693244747
DA-C1,H57,25.04,7.43620527701987
DA-C10,H57,25.04,10.015336706376
DA-C11,H57,25.04,9.52348775840771
DA-C12,H57,25.04,10.7092020683818
DA-C3,H57,25.04,9.76393584555996
DA-C4,H57,25.04,4.10873327145991
DA-C5,H57,25.04,11.5292613547759
DA-C6,H57,25.04,11.8308996265682
DA-C9,H57,25.04,12.0784901800407
DA-D10,H57,25.04,8.47445721014137
DA-D12,H57,25.04,7.9355251832969
DA-D2,H57,25.04,7.42339063740769
DA-D3,H57,25.04,10.5618271417801
DA-D4,H57,25.04,11.3643701767016
DA-D5,H57,25.04,7.68380500474843
DA-D6,H57,25.04,8.05018904322616
DA-D7,H57,25.04,6.25681663205267
DA-D8,H57,25.04,3.11912781846191
DA-E1,H57,25.04,11.3776591110275
DA-E10,H57,25.04,8.20628169971775
DA-E11,H57,25.04,9.80210965128642
DA-E12,H57,25.04,9.26457909432878
DA-E2,H57,25.04,7.02186388328752
DA-E4,H57,25.04,7.14539020133858
DA-E7,H57,25.04,10.1894674521133
DA-E8,H57,25.04,11.6121263842039
DA-E9,H57,25.04,8.86555650525801
DA-F10,H57,25.04,8.79590915063875
DA-F11,H57,25.04,9.98545106044505
DA-F12,H57,25.04,10.4272905349418
DA-F2,H57,25.04,10.3858157494524
DA-F3,H57,25.04,10.2211184907079
DA-F5,H57,25.04,10.4736162570324
DA-F6,H57,25.04,9.57941848362745
DA-F7,H57,25.04,11.9259927035212
DA-F8,H57,25.04,4.9799628336342
DA-F9,H57,25.04,9.42160290265459
DA-G1,H57,25.04,11.2543693502873
DA-G10,H57,25.04,9.55318703442151
DA-G11,H57,25.04,8.74179189148777
DA-G12,H57,25.04,10.2321297859627
DA-G2,H57,25.04,10.1531041792562
DA-G5,H57,25.04,7.55460107952849
DA-G6,H57,25.04,7.48747337479522
DA-G8,H57,25.04,11.3409962205491
DA-G9,H57,25.04,10.7047747909948
DA-H1,H57,25.04,11.1600069852483
DA-H10,H57,25.04,4.15707890211554
DA-H11,H57,25.04,10.0041566657544
DA-H2,H57,25.04,8.20063933813631
DA-H4,H57,25.04,7.96031884728749
DA-H5,H57,25.04,10.8729263486483
DA-H6,H57,25.04,12.3218467757978
DA-H8,H57,25.04,8.65200536474088
DA-H9,H57,25.04,6.30143384151625
DB-A1,H57,25.04,6.23221573024212
DB-A10,H57,25.04,5.35619327292864
DB-A11,H57,25.04,10.684881342705
DB-A12,H57,25.04,7.07977811049063
DB-A2,H57,25.04,2.69888499529103
DB-A3,H57,25.04,10.9000513716982
DB-A5,H57,25.04,12.5895444305194
DB-A6,H57,25.04,0
DB-A8,H57,25.04,4.28874866353402
DB-A9,H57,25.04,4.77675320721047
DB-B1,H57,25.04,11.1513992727321
DB-B11,H57,25.04,7.71639157729053
DB-B12,H57,25.04,5.84272161485435
DB-B2,H57,25.04,3.51633321285886
DB-B3,H57,25.04,11.4272477981936
DB-B4,H57,25.04,4.18506330841793
DB-B5,H57,25.04,11.8404018961054
DB-B6,H57,25.04,4.75452921560207
DB-B7,H57,25.04,0
DB-B8,H57,25.04,0
DB-B9,H57,25.04,9.38948254655336
DB-C10,H57,25.04,2.78735340464072
DB-C11,H57,25.04,10.4132080909201
DB-C12,H57,25.04,11.4389569677048
DB-C2,H57,25.04,12.1702211422098
DB-C3,H57,25.04,8.72400181122141
DB-C5,H57,25.04,9.6000671463464
DB-C6,H57,25.04,3.13038837720388
DB-D1,H57,25.04,5.94632556550168
DB-D10,H57,25.04,3.33100682895559
DB-D12,H57,25.04,12.2845785575533
DB-D2,H57,25.04,11.8861293305322
DB-D3,H57,25.04,4.35625125407049
DB-D5,H57,25.04,2.04713371934261
DB-D9,H57,25.04,4.2465041897911
DB-E10,H57,25.04,0
DB-E11,H57,25.04,9.12314977892831
DB-E2,H57,25.04,10.4890427016802
DB-E3,H57,25.04,4.09574875088758
DB-E4,H57,25.04,7.32427680567281
DB-E6,H57,25.04,2.48718397138827
DB-E9,H57,25.04,5.26795851485226
DB-F10,H57,25.04,10.4226209311429
DB-F11,H57,25.04,10.6947936468566
DB-F12,H57,25.04,5.90272354791115
DB-F3,H57,25.04,11.2021448978134
DB-F5,H57,25.04,7.7532375278581
DB-F6,H57,25.04,6.24379067164605
DB-F7,H57,25.04,10.8250559828267
DB-F8,H57,25.04,6.67699211576544
DB-G1,H57,25.04,12.2149997550511
DB-G10,H57,25.04,11.8765078078064
DB-G11,H57,25.04,7.0125647428388
DB-G2,H57,25.04,11.8995811803614
DB-G3,H57,25.04,7.8628915190136
DB-G4,H57,25.04,9.10965028730088
DB-G5,H57,25.04,6.45423161801171
DB-G6,H57,25.04,2.70202253785205
DB-G8,H57,25.04,4.8226140207348
DB-H10,H57,25.04,5.71425867381705
DB-H12,H57,25.04,7.11036391678405
DB-H2,H57,25.04,8.67587632414279
DB-H4,H57,25.04,9.18850644719146
DB-H5,H57,25.04,6.39600684622554
DB-H6,H57,25.04,12.816474617866
DB-H8,H57,25.04,6.36168387288092
DB-H9,H57,25.04,8.47285241950389
CA-C10,H58,25.04,7.97640002621955
CA-D10,H58,25.04 4.08700943415981
